Timestamp,Folder,Reason,Class,Meet Code,Session Date
2025-07-24 17:14:20.902,2025-07-01 18:15 kan-ptwt-ehz,Session before class start,Web Jan 25,kan-ptwt-ehz,2025-07-01
2025-07-24 17:18:20.413,2025-07-08 09:29 wrt-nsga-feo,Session before class start,Data Jan 25,wrt-nsga-feo,2025-07-08
2025-07-24 17:19:53.611,2025-07-08 19:29 xyk-dtsj-kpz,Session before class start,Intro May 25,xyk-dtsj-kpz,2025-07-08
2025-07-24 17:28:13.598,2025-07-15 17:20 hhn-uwtt-vsa,Class sheet not found,Mentor,hhn-uwtt-vsa,2025-07-15
2025-07-24 17:44:13.817,2025-07-16 17:25 hhn-uwtt-vsa,Class sheet not found,Mentor,hhn-uwtt-vsa,2025-07-16
2025-07-24 18:05:10.245,2025-07-17 17:23 hhn-uwtt-vsa,Class sheet not found,Mentor,hhn-uwtt-vsa,2025-07-17
2025-07-24 18:21:54.698,2025-07-22 17:27 hhn-uwtt-vsa,Class sheet not found,Mentor,hhn-uwtt-vsa,2025-07-22
2025-07-24 18:40:40.587,2025-07-23 17:23 hhn-uwtt-vsa,Class sheet not found,Mentor,hhn-uwtt-vsa,2025-07-23
2025-07-24 18:57:00.110,2025-07-24 17:28 hhn-uwtt-vsa,Class sheet not found,Mentor,hhn-uwtt-vsa,2025-07-24
2025-07-24 19:16:11.854,2025-07-08 19:29 xyk-dtsj-kpz,Session before class start,Intro May 25,xyk-dtsj-kpz,2025-07-08
2025-07-24 19:21:03.956,2025-07-15 17:20 hhn-uwtt-vsa,Class sheet not found,Mentor,hhn-uwtt-vsa,2025-07-15
2025-07-24 19:22:19.809,2025-07-16 17:25 hhn-uwtt-vsa,Class sheet not found,Mentor,hhn-uwtt-vsa,2025-07-16
2025-07-24 19:24:14.515,2025-07-17 17:23 hhn-uwtt-vsa,Class sheet not found,Mentor,hhn-uwtt-vsa,2025-07-17
2025-07-24 19:27:47.810,2025-07-22 17:27 hhn-uwtt-vsa,Class sheet not found,Mentor,hhn-uwtt-vsa,2025-07-22
2025-07-24 19:30:07.624,2025-07-23 17:23 hhn-uwtt-vsa,Class sheet not found,Mentor,hhn-uwtt-vsa,2025-07-23
2025-07-24 19:32:14.301,2025-07-24 17:28 hhn-uwtt-vsa,Class sheet not found,Mentor,hhn-uwtt-vsa,2025-07-24
